DATE,PREV_CLOSE,OPEN_PRICE,HIGH_PRICE,LOW_PRICE,LAST_PRICE,CLOSE_PRICE,AVG_PRICE,TTL_TRD_QNTY,NO_OF_TRADES,DELIV_QTY,DELIV_PER
02-Aug-2016,1017.35,1021.00,1024.95,993.50,1010.00,1001.05,1009.65,302860,15727,129765,42.85
03-Aug-2016,1001.05,1004.75,1004.90,966.65,968.05,973.35,979.26,334629,15443,90635,27.09
04-Aug-2016,973.35,973.60,997.75,960.00,991.10,991.15,985.51,354974,15026,81670,23.01
05-Aug-2016,991.15,995.00,1049.95,992.50,1035.00,1037.75,1024.57,491741,24949,135148,27.48
08-Aug-2016,1037.75,1039.90,1039.90,1014.00,1021.00,1020.40,1022.32,180856,7121,35251,19.49
09-Aug-2016,1020.40,1022.75,1022.75,993.00,1004.00,1002.30,1007.08,211630,16244,72352,34.19
10-Aug-2016,1002.30,1000.00,1025.50,997.00,1013.40,1011.15,1014.43,252033,10548,77608,30.79
11-Aug-2016,1011.15,1005.00,1017.60,976.70,982.05,987.10,996.46,214608,9282,49265,22.96
12-Aug-2016,987.10,986.00,1005.95,983.00,987.10,992.15,996.21,165725,9206,28194,17.01
16-Aug-2016,992.15,998.80,1018.90,984.00,1010.00,1009.05,1008.34,264522,15662,59411,22.46
17-Aug-2016,1009.05,1010.00,1025.00,1010.00,1022.55,1022.30,1019.56,179976,9368,43594,24.22
18-Aug-2016,1022.30,1023.00,1036.05,1019.00,1023.00,1027.25,1029.66,281938,8602,146334,51.90
19-Aug-2016,1027.25,1027.95,1050.00,1012.00,1040.00,1039.15,1037.79,240307,11414,46030,19.15
22-Aug-2016,1039.15,1042.00,1058.65,1014.90,1017.00,1020.00,1036.26,431610,12251,231455,53.63
23-Aug-2016,1020.00,1019.90,1028.80,1012.50,1025.05,1024.35,1019.61,232645,10925,88450,38.02
24-Aug-2016,1024.35,1024.00,1041.80,1021.40,1032.00,1033.10,1034.36,155187,6107,35509,22.88
25-Aug-2016,1033.10,1035.00,1045.90,1030.90,1039.10,1037.45,1039.48,161805,9991,50790,31.39
26-Aug-2016,1037.45,1037.45,1083.40,1037.45,1058.95,1056.35,1060.71,665298,26541,222696,33.47
29-Aug-2016,1056.35,1059.65,1068.50,1042.10,1058.20,1059.05,1059.33,238055,10227,45758,19.22
30-Aug-2016,1059.05,1061.25,1079.55,1056.20,1067.65,1066.20,1068.17,183315,8978,31533,17.20
31-Aug-2016,1066.20,1073.00,1085.00,1062.15,1069.00,1065.85,1072.58,190939,8694,48319,25.31
01-Sep-2016,1065.85,1066.50,1073.10,1058.30,1061.50,1066.20,1066.25,127525,4787,59738,46.84
02-Sep-2016,1066.20,1073.80,1088.00,1062.45,1073.70,1079.35,1080.79,251082,9489,57386,22.86
06-Sep-2016,1079.35,1084.80,1084.80,1062.60,1065.15,1066.45,1073.27,95971,5578,28590,29.79
07-Sep-2016,1066.45,1072.00,1101.00,1055.55,1083.00,1082.15,1078.22,215589,8996,60231,27.94
08-Sep-2016,1082.15,1076.70,1097.00,1075.00,1083.00,1082.85,1084.82,136985,7534,46862,34.21
09-Sep-2016,1082.85,1090.00,1090.00,1062.20,1075.00,1073.30,1073.92,93822,5791,27686,29.51
12-Sep-2016,1073.30,1062.25,1085.95,1036.00,1043.00,1046.85,1061.53,170632,11559,38243,22.41
14-Sep-2016,1046.85,1046.00,1060.90,1018.85,1020.50,1025.15,1041.40,369467,13854,234077,63.36
15-Sep-2016,1025.15,980.00,980.00,892.80,902.95,900.15,921.93,2385867,69568,440087,18.45
16-Sep-2016,900.15,909.55,927.00,891.30,921.70,922.05,911.20,1119445,36366,152490,13.62
19-Sep-2016,922.05,929.90,934.00,907.70,909.90,909.95,918.66,443613,23224,135440,30.53
20-Sep-2016,909.95,913.40,916.80,895.05,904.00,905.00,902.11,668886,14458,413223,61.78
21-Sep-2016,905.00,908.00,915.50,893.30,897.50,899.65,903.92,275952,11586,54472,19.74
22-Sep-2016,899.65,910.00,915.90,906.00,911.00,910.90,910.84,235056,12299,82017,34.89
23-Sep-2016,910.90,914.00,936.05,908.55,912.90,914.95,925.30,560483,19099,180088,32.13
26-Sep-2016,914.95,911.15,928.00,910.50,919.45,919.00,919.28,217148,13422,66179,30.48
27-Sep-2016,919.00,924.00,926.70,900.00,906.00,904.55,915.28,227715,9042,107611,47.26
28-Sep-2016,904.55,907.15,915.90,901.00,908.50,908.85,909.46,197649,7606,36092,18.26
29-Sep-2016,908.85,914.00,918.90,856.55,872.00,874.85,886.28,359191,12942,134725,37.51
30-Sep-2016,874.85,868.00,882.85,859.65,875.50,876.05,873.24,198295,9157,51825,26.14
03-Oct-2016,876.05,896.00,905.25,877.10,904.00,901.75,893.91,229357,11219,92833,40.48
04-Oct-2016,901.75,903.00,922.00,902.25,911.25,910.15,912.53,229939,11731,86368,37.56
05-Oct-2016,910.15,920.00,920.00,900.25,905.00,903.35,905.89,167022,8127,57471,34.41
06-Oct-2016,903.35,908.00,925.00,904.10,910.35,912.25,915.89,266987,11466,95347,35.71
07-Oct-2016,912.25,906.00,922.00,902.25,906.00,908.25,913.21,122491,4789,20724,16.92
10-Oct-2016,908.25,910.85,919.95,902.65,908.00,906.55,909.85,85386,3501,25580,29.96
13-Oct-2016,906.55,908.85,928.00,896.80,910.90,912.30,910.08,263105,11864,70856,26.93
14-Oct-2016,912.30,924.90,949.50,916.10,948.00,945.50,937.54,645307,28217,186206,28.86
17-Oct-2016,945.50,950.00,959.50,921.25,922.50,927.20,943.40,324803,10870,50186,15.45
18-Oct-2016,927.20,931.60,941.50,927.50,935.00,933.65,934.67,137939,8674,31066,22.52
19-Oct-2016,933.65,937.50,943.95,928.35,931.85,932.10,936.06,99062,5097,23864,24.09
20-Oct-2016,932.10,933.15,947.90,933.10,939.10,940.55,940.52,166911,6027,81281,48.70
21-Oct-2016,940.55,939.00,941.00,918.55,927.60,927.85,929.65,92161,5263,28888,31.35
24-Oct-2016,927.85,935.00,953.05,921.50,923.65,928.00,935.55,130034,6345,18675,14.36
25-Oct-2016,928.00,922.50,939.20,910.00,930.00,935.10,928.65,214683,8970,59002,27.48
26-Oct-2016,935.10,929.00,936.15,911.55,914.20,914.90,921.42,95075,5009,28077,29.53
27-Oct-2016,914.90,916.85,929.80,900.15,926.80,920.65,917.29,219984,8455,32375,14.72
28-Oct-2016,920.65,929.00,945.45,921.75,941.50,941.05,935.45,205077,9195,68539,33.42
30-Oct-2016,941.05,945.00,945.00,936.00,939.60,939.40,940.18,27669,1156,9331,33.72
01-Nov-2016,939.40,937.00,944.00,920.35,920.35,924.90,934.53,72074,4577,23741,32.94
02-Nov-2016,924.90,914.00,920.00,904.10,911.00,914.90,911.76,158985,6634,53348,33.56
03-Nov-2016,914.90,915.45,924.95,887.10,889.95,891.55,906.22,160380,6851,37503,23.38
04-Nov-2016,891.55,888.90,894.95,868.00,875.00,877.45,880.51,251518,8459,24553,9.76
07-Nov-2016,877.45,886.30,905.25,877.05,888.00,887.45,891.67,217626,11564,24870,11.43
08-Nov-2016,887.45,890.10,918.80,890.10,909.00,909.65,909.62,158425,6602,32377,20.44
09-Nov-2016,909.65,835.15,882.85,818.70,870.00,869.95,862.29,242262,13940,74233,30.64
10-Nov-2016,869.95,880.00,919.50,880.00,907.05,909.05,897.00,141792,7147,34840,24.57
11-Nov-2016,909.05,902.00,910.00,866.35,892.30,887.70,885.04,204054,6925,74170,36.35
15-Nov-2016,887.70,880.00,888.65,858.05,859.05,863.15,868.67,134712,5696,38554,28.62
16-Nov-2016,863.15,880.00,880.00,842.50,860.00,863.45,861.23,155199,6320,47040,30.31
17-Nov-2016,863.45,866.45,872.30,815.00,825.55,821.65,836.88,234863,15172,102494,43.64
18-Nov-2016,821.65,814.90,835.00,795.00,821.00,821.80,808.48,517929,22737,144431,27.89
21-Nov-2016,821.80,823.80,833.15,800.00,809.00,807.85,810.18,158028,7482,46771,29.60
22-Nov-2016,807.85,811.30,819.05,780.25,785.00,785.05,791.85,247631,13024,47377,19.13
23-Nov-2016,785.05,795.00,798.40,771.00,787.95,786.05,780.84,259587,9041,48161,18.55
24-Nov-2016,786.05,788.00,796.45,775.95,784.00,786.30,786.84,260971,8558,104392,40.00
25-Nov-2016,786.30,786.30,810.95,775.50,809.00,805.05,796.15,292243,10001,44033,15.07
28-Nov-2016,805.05,810.00,830.00,800.00,830.00,825.60,819.63,277894,12336,57223,20.59
29-Nov-2016,825.60,827.00,844.00,827.00,840.05,837.50,837.87,167198,7247,28970,17.33
30-Nov-2016,837.50,840.10,846.00,835.10,844.00,843.05,841.56,128234,4596,32649,25.46
01-Dec-2016,843.05,846.00,852.10,822.25,833.20,830.65,835.08,112882,4613,22025,19.51
02-Dec-2016,830.65,833.00,833.00,816.95,830.45,827.95,824.80,141290,5969,37384,26.46
05-Dec-2016,827.95,830.00,850.00,818.15,847.00,839.50,829.51,153716,10791,39056,25.41
06-Dec-2016,839.50,845.95,882.00,840.60,877.45,873.00,868.52,389444,16746,45314,11.64
07-Dec-2016,873.00,876.10,886.00,860.10,862.60,863.55,874.02,211293,7013,26346,12.47
08-Dec-2016,863.55,870.00,921.70,870.00,919.00,915.40,909.71,842979,25268,88445,10.49
09-Dec-2016,915.40,922.00,933.30,906.00,928.90,927.40,921.29,404743,11863,34010,8.40
12-Dec-2016,927.40,927.00,933.00,900.00,906.00,906.05,918.22,194862,5730,29139,14.95
13-Dec-2016,906.05,909.00,917.25,892.00,916.00,912.30,907.11,109550,5624,11972,10.93
14-Dec-2016,912.30,913.40,915.90,895.00,896.50,897.35,901.26,121833,4185,21900,17.98
15-Dec-2016,897.35,893.95,931.00,888.10,927.00,926.65,921.90,364287,11380,65671,18.03
16-Dec-2016,926.65,937.80,939.00,913.10,918.00,916.55,923.64,211415,7601,55796,26.39
19-Dec-2016,916.55,919.80,932.00,907.55,913.55,914.60,920.15,136467,4809,17049,12.49
20-Dec-2016,914.60,914.10,931.75,900.55,907.50,906.20,919.06,223489,7637,60228,26.95
21-Dec-2016,906.20,908.10,930.25,908.10,929.90,924.70,920.64,328732,11020,60177,18.31
22-Dec-2016,924.70,929.90,972.00,928.05,968.00,963.70,948.80,1400137,39658,184483,13.18
23-Dec-2016,963.70,981.00,983.00,962.10,977.00,971.55,974.96,1185014,31836,108858,9.19
26-Dec-2016,971.55,965.00,965.05,935.00,950.10,950.25,949.00,398696,13664,53354,13.38
27-Dec-2016,950.25,960.70,989.00,952.35,974.00,975.70,975.21,808561,22989,107324,13.27
28-Dec-2016,975.70,980.75,985.00,970.15,977.00,974.40,978.77,367041,12219,52228,14.23
29-Dec-2016,974.40,977.10,997.95,974.55,985.15,986.05,988.62,555233,15810,78051,14.06
30-Dec-2016,986.05,986.00,1006.95,985.90,1004.00,1000.60,999.94,460675,11507,117571,25.52
02-Jan-2017,1000.60,1004.00,1006.50,989.15,999.30,996.30,995.92,150354,5041,18409,12.24
03-Jan-2017,996.30,1002.80,1015.95,996.20,1012.00,1009.30,1008.92,285489,8424,41276,14.46
04-Jan-2017,1009.30,1013.80,1023.00,1002.75,1006.00,1005.80,1013.09,202005,7800,41245,20.42
05-Jan-2017,1005.80,1006.40,1017.50,993.60,995.15,1001.60,1009.26,150463,7134,29488,19.60
06-Jan-2017,1001.60,998.50,1009.00,987.90,997.00,993.55,998.14,161214,5995,30205,18.74
09-Jan-2017,993.55,984.00,1188.00,980.65,1150.45,1150.75,1128.25,5793201,159998,573787,9.90
10-Jan-2017,1150.75,1161.35,1175.50,1133.60,1168.00,1170.75,1159.08,2726697,70074,108026,3.96
11-Jan-2017,1170.75,1174.85,1230.50,1165.10,1217.10,1219.30,1214.87,2743020,64361,197926,7.22
12-Jan-2017,1219.30,1221.05,1242.00,1211.00,1224.95,1222.75,1224.52,1449876,36634,95727,6.60
13-Jan-2017,1222.75,1230.00,1243.90,1200.10,1207.75,1205.75,1222.59,1345486,30037,221564,16.47
16-Jan-2017,1205.75,1208.00,1225.80,1180.30,1219.70,1212.80,1208.22,1034522,25791,77555,7.50
17-Jan-2017,1212.80,1219.00,1227.20,1186.50,1190.00,1189.45,1200.52,602874,18743,170233,28.24
18-Jan-2017,1189.45,1190.00,1209.00,1169.50,1180.10,1181.85,1190.07,616910,17681,110836,17.97
19-Jan-2017,1181.85,1181.00,1199.90,1161.10,1169.00,1172.25,1175.97,840107,23107,130550,15.54
20-Jan-2017,1172.25,1172.00,1183.70,1152.00,1160.90,1158.55,1167.07,512975,19486,114054,22.23
23-Jan-2017,1158.55,1162.00,1241.30,1157.05,1238.15,1231.90,1206.35,1523136,46361,232012,15.23
24-Jan-2017,1231.90,1248.70,1263.00,1222.00,1232.00,1233.10,1241.68,1617662,48563,246120,15.21
25-Jan-2017,1233.10,1258.50,1264.00,1233.80,1240.00,1238.10,1246.22,947602,24150,156515,16.52
27-Jan-2017,1238.10,1240.00,1249.25,1216.00,1219.00,1220.80,1230.46,520153,15358,119934,23.06
30-Jan-2017,1220.80,1221.15,1235.50,1214.80,1220.50,1221.35,1224.62,424037,10758,69667,16.43
31-Jan-2017,1221.35,1225.00,1225.00,1196.00,1207.00,1203.80,1205.38,367768,11238,63533,17.28
01-Feb-2017,1203.80,1206.00,1253.50,1203.60,1242.80,1243.05,1231.13,972479,27366,116782,12.01
02-Feb-2017,1243.05,1239.00,1240.00,1210.45,1213.95,1215.55,1223.13,382241,11305,62685,16.40
03-Feb-2017,1215.55,1216.50,1272.20,1213.85,1260.60,1256.40,1255.16,864490,21825,147493,17.06
06-Feb-2017,1256.40,1269.00,1275.00,1240.00,1248.50,1244.00,1256.65,347895,11077,61491,17.68
07-Feb-2017,1244.00,1246.80,1284.45,1242.15,1264.25,1263.10,1266.51,611668,19368,88066,14.40
08-Feb-2017,1263.10,1264.70,1281.00,1255.70,1281.00,1274.65,1269.23,320854,11415,56556,17.63
09-Feb-2017,1274.65,1282.00,1341.00,1282.00,1338.00,1330.70,1311.78,1551271,40755,267745,17.26
10-Feb-2017,1330.70,1342.00,1344.00,1300.10,1305.00,1308.45,1325.24,754072,25316,126754,16.81
13-Feb-2017,1308.45,1317.40,1329.90,1271.00,1279.00,1287.00,1297.16,610133,24928,136548,22.38
14-Feb-2017,1287.00,1283.00,1319.70,1277.35,1289.00,1290.10,1300.46,1010990,31259,137740,13.62
15-Feb-2017,1290.10,1293.90,1319.95,1251.50,1261.40,1256.25,1280.47,925979,26413,168487,18.20
16-Feb-2017,1256.25,1262.00,1291.20,1255.00,1290.90,1285.00,1271.94,296374,11310,59815,20.18
17-Feb-2017,1285.00,1290.90,1309.00,1272.10,1290.95,1289.25,1293.22,366720,13005,71439,19.48
20-Feb-2017,1289.25,1282.05,1322.00,1280.00,1316.00,1317.70,1310.31,623095,17064,125912,20.21
21-Feb-2017,1317.70,1317.70,1338.40,1302.50,1311.65,1313.35,1314.40,432303,13018,35925,8.31
22-Feb-2017,1313.35,1318.70,1321.00,1289.05,1293.30,1296.80,1303.88,274460,8683,46126,16.81
23-Feb-2017,1296.80,1298.00,1329.95,1280.40,1324.00,1322.15,1308.50,701089,17020,152916,21.81
27-Feb-2017,1322.15,1320.00,1355.95,1316.55,1339.95,1344.45,1342.59,699352,18347,106995,15.30
28-Feb-2017,1344.45,1349.85,1354.00,1335.80,1340.00,1339.15,1343.59,271293,8174,39117,14.42
01-Mar-2017,1339.15,1348.00,1349.95,1325.00,1328.00,1330.90,1333.08,250534,7696,35067,14.00
02-Mar-2017,1330.90,1335.00,1343.30,1291.00,1296.90,1295.85,1318.06,373636,10422,58636,15.69
03-Mar-2017,1295.85,1295.00,1309.85,1288.30,1295.65,1300.70,1298.21,217876,7634,20678,9.49
06-Mar-2017,1300.70,1310.00,1313.00,1295.10,1303.00,1302.25,1303.70,224305,8534,36879,16.44
07-Mar-2017,1302.25,1309.70,1309.70,1286.20,1289.65,1290.90,1295.18,212153,7540,28829,13.59
08-Mar-2017,1290.90,1296.00,1300.90,1270.00,1280.00,1278.60,1282.81,269799,10158,36049,13.36
09-Mar-2017,1278.60,1282.00,1293.55,1271.00,1281.95,1284.60,1283.83,261611,9249,40045,15.31
10-Mar-2017,1284.60,1295.00,1295.00,1271.00,1271.90,1278.05,1280.49,199867,6781,23821,11.92
14-Mar-2017,1278.05,1308.00,1309.45,1277.35,1302.10,1302.45,1296.76,329594,10755,71819,21.79
15-Mar-2017,1302.45,1308.00,1310.00,1291.05,1296.45,1299.35,1298.91,240825,8191,50455,20.95
16-Mar-2017,1299.35,1303.10,1336.00,1300.00,1332.55,1333.10,1322.24,459160,17255,100589,21.91
17-Mar-2017,1333.10,1340.00,1341.95,1307.00,1314.25,1312.90,1318.57,238308,9610,45350,19.03
20-Mar-2017,1312.90,1314.00,1314.00,1292.00,1299.90,1297.70,1298.97,223195,7367,55361,24.80
21-Mar-2017,1297.70,1300.00,1307.00,1282.40,1296.95,1292.70,1292.08,191096,8299,27272,14.27
22-Mar-2017,1292.70,1284.00,1300.00,1273.30,1298.00,1296.15,1288.34,162264,6992,25213,15.54
23-Mar-2017,1296.15,1297.90,1331.00,1296.00,1314.10,1317.30,1318.39,379328,12263,97945,25.82
24-Mar-2017,1317.30,1320.00,1323.95,1298.00,1301.30,1302.30,1305.55,235024,8265,81848,34.83
27-Mar-2017,1302.30,1302.00,1319.90,1282.35,1301.90,1309.55,1299.47,309407,10101,52416,16.94
28-Mar-2017,1309.55,1317.95,1317.95,1300.55,1312.90,1310.45,1308.32,320984,9908,90523,28.20
29-Mar-2017,1310.45,1313.00,1318.00,1296.80,1306.10,1309.45,1309.85,150252,4924,37806,25.16
30-Mar-2017,1309.45,1305.35,1340.00,1305.35,1319.40,1311.60,1312.12,505953,12480,292879,57.89
31-Mar-2017,1311.60,1314.90,1375.00,1312.15,1363.20,1362.00,1352.92,777650,21869,133129,17.12
03-Apr-2017,1362.00,1370.00,1379.90,1363.60,1374.00,1370.20,1372.41,397426,11436,52744,13.27
05-Apr-2017,1370.20,1377.00,1378.00,1355.70,1362.00,1363.90,1363.23,187280,6627,37452,20.00
06-Apr-2017,1363.90,1357.00,1406.00,1354.10,1387.00,1387.80,1391.97,725024,19549,88643,12.23
07-Apr-2017,1387.80,1388.00,1390.50,1358.00,1363.05,1363.30,1375.19,226972,7043,28745,12.66
10-Apr-2017,1363.30,1371.00,1389.45,1360.20,1383.00,1381.75,1377.23,252914,8886,24634,9.74
11-Apr-2017,1381.75,1383.00,1386.60,1370.30,1378.90,1379.10,1378.51,162470,6155,14056,8.65
12-Apr-2017,1379.10,1381.00,1409.40,1362.15,1374.30,1379.10,1384.15,330909,12145,41091,12.42
13-Apr-2017,1379.10,1375.00,1394.55,1375.00,1375.00,1378.70,1383.92,163096,5297,22708,13.92
17-Apr-2017,1378.70,1378.00,1386.10,1368.70,1379.15,1379.75,1378.85,153689,5674,14356,9.34
18-Apr-2017,1379.75,1379.70,1400.30,1342.00,1353.70,1353.10,1375.85,202753,6977,23277,11.48
19-Apr-2017,1353.10,1359.75,1371.75,1344.15,1352.00,1351.25,1355.15,209666,9957,33998,16.22
20-Apr-2017,1351.25,1352.10,1368.00,1345.00,1365.40,1360.35,1360.33,218008,9447,68639,31.48
21-Apr-2017,1360.35,1365.00,1378.80,1350.10,1366.00,1367.10,1365.55,239138,9538,38040,15.91
24-Apr-2017,1367.10,1375.00,1394.45,1362.00,1379.95,1381.30,1382.52,241692,11903,59421,24.59
25-Apr-2017,1381.30,1389.90,1392.00,1370.75,1386.00,1385.45,1382.22,251670,14615,61116,24.28
26-Apr-2017,1385.45,1393.00,1431.95,1372.20,1425.00,1424.40,1404.82,822195,22302,252979,30.77
27-Apr-2017,1424.40,1440.00,1440.00,1400.00,1410.00,1407.85,1418.80,491220,17073,176871,36.01
28-Apr-2017,1407.85,1425.30,1425.30,1395.50,1400.00,1402.90,1405.61,287879,10426,71489,24.83
02-May-2017,1402.90,1395.55,1409.45,1383.00,1390.00,1390.55,1394.83,222401,7621,37461,16.84
03-May-2017,1390.55,1392.00,1402.45,1365.90,1367.35,1370.75,1381.30,148723,7937,22045,14.82
04-May-2017,1370.75,1371.00,1393.00,1371.00,1383.40,1381.15,1382.98,186983,8077,49663,26.56
05-May-2017,1381.15,1384.95,1384.95,1352.25,1353.05,1358.40,1365.55,194889,6824,30378,15.59
08-May-2017,1358.40,1367.40,1367.40,1337.55,1345.00,1344.80,1348.78,154046,5503,37528,24.36
09-May-2017,1344.80,1346.00,1356.95,1325.35,1332.00,1332.40,1338.05,302485,13948,103170,34.11
10-May-2017,1332.40,1338.75,1368.00,1330.85,1367.00,1361.40,1351.92,270893,11432,86589,31.96
11-May-2017,1361.40,1374.00,1394.50,1372.35,1382.00,1383.10,1385.67,381254,12021,70232,18.42
12-May-2017,1383.10,1383.70,1386.65,1360.00,1363.00,1363.35,1369.17,209452,7502,46095,22.01
15-May-2017,1363.35,1366.15,1383.80,1358.00,1360.00,1364.65,1370.93,146862,5332,37520,25.55
16-May-2017,1364.65,1352.20,1382.00,1352.20,1379.95,1377.10,1372.54,142241,5993,20347,14.30
17-May-2017,1377.10,1380.00,1409.00,1373.35,1386.40,1391.80,1397.15,333459,12378,56741,17.02
18-May-2017,1391.80,1380.00,1382.25,1339.25,1340.50,1343.25,1361.76,129342,6592,26744,20.68
19-May-2017,1343.25,1342.00,1361.30,1261.50,1270.00,1278.40,1303.58,279630,10851,55153,19.72
22-May-2017,1278.40,1299.00,1299.00,1239.55,1247.00,1247.65,1263.95,193965,7856,32877,16.95
23-May-2017,1247.65,1249.15,1251.75,1165.00,1182.50,1192.70,1206.11,265415,10788,41828,15.76
24-May-2017,1192.70,1195.00,1205.00,1125.40,1130.05,1133.50,1171.32,284436,11400,66659,23.44
25-May-2017,1133.50,1144.95,1188.95,1125.15,1168.00,1171.65,1162.97,521691,17489,151092,28.96
26-May-2017,1171.65,1173.00,1230.00,1165.30,1219.95,1215.80,1213.84,342187,10470,37211,10.87
29-May-2017,1215.80,1228.90,1234.90,1167.80,1184.90,1180.85,1196.45,219571,9166,29397,13.39
30-May-2017,1180.85,1184.30,1191.05,1158.60,1167.00,1167.95,1173.05,148711,5613,20250,13.62
31-May-2017,1167.95,1225.00,1273.00,1214.15,1217.00,1221.75,1251.29,1362151,40513,96947,7.12
01-Jun-2017,1221.75,1219.85,1239.55,1209.75,1227.65,1222.10,1223.42,276042,9367,27051,9.80
02-Jun-2017,1222.10,1236.00,1261.90,1221.30,1248.35,1250.35,1247.61,347771,16530,75463,21.70
05-Jun-2017,1250.35,1250.40,1255.00,1230.05,1240.10,1238.75,1240.14,143531,6927,21699,15.12
06-Jun-2017,1238.75,1238.15,1246.25,1212.20,1235.00,1233.75,1228.46,172944,7387,25683,14.85
07-Jun-2017,1233.75,1223.00,1253.60,1223.00,1248.00,1244.55,1242.25,177442,6948,47733,26.90
08-Jun-2017,1244.55,1244.55,1288.00,1244.55,1280.60,1279.15,1269.90,384979,14873,56225,14.60
09-Jun-2017,1279.15,1287.50,1292.30,1263.65,1287.00,1285.35,1281.23,261335,9631,47940,18.34
12-Jun-2017,1285.35,1285.00,1322.50,1269.00,1297.00,1295.60,1298.11,593732,17608,139628,23.52
13-Jun-2017,1295.60,1287.00,1318.45,1271.20,1313.50,1312.70,1303.52,475528,13128,106909,22.48
14-Jun-2017,1312.70,1313.00,1351.90,1312.90,1344.00,1345.40,1340.11,608557,19264,94105,15.46
15-Jun-2017,1345.40,1338.10,1364.95,1332.65,1355.05,1352.20,1348.14,371227,9004,132899,35.80
16-Jun-2017,1352.20,1359.00,1463.70,1342.25,1458.90,1455.00,1427.21,1932421,53314,296761,15.36
19-Jun-2017,1455.00,1468.50,1468.75,1426.20,1448.00,1443.05,1444.28,689245,31742,194568,28.23
20-Jun-2017,1443.05,1449.00,1544.00,1436.00,1490.00,1501.45,1509.43,2099412,60799,242460,11.55
21-Jun-2017,1501.45,1490.10,1527.00,1480.00,1515.60,1511.00,1508.97,775485,23272,78223,10.09
22-Jun-2017,1511.00,1516.00,1569.70,1512.00,1551.15,1547.05,1547.51,1459828,43717,252925,17.33
23-Jun-2017,1547.05,1550.00,1562.00,1510.05,1537.55,1541.65,1536.37,744050,24786,112991,15.19
27-Jun-2017,1541.65,1546.00,1548.95,1470.10,1477.50,1483.90,1498.14,535190,16106,93726,17.51
28-Jun-2017,1483.90,1477.00,1489.80,1430.15,1437.00,1438.20,1447.25,718466,18735,124036,17.26
29-Jun-2017,1438.20,1435.00,1482.25,1434.60,1451.00,1454.20,1463.90,920150,20358,223038,24.24
30-Jun-2017,1454.20,1440.00,1544.70,1425.55,1534.10,1533.25,1501.33,1516204,38891,137522,9.07
03-Jul-2017,1533.25,1545.00,1557.10,1521.65,1537.25,1536.60,1542.06,643485,16768,117956,18.33
04-Jul-2017,1536.60,1540.00,1544.40,1504.30,1514.05,1514.25,1522.16,442500,13313,52842,11.94
05-Jul-2017,1514.25,1525.75,1584.40,1515.20,1564.10,1565.75,1560.19,1227815,36202,147822,12.04
06-Jul-2017,1565.75,1573.00,1597.75,1552.30,1556.00,1561.85,1580.65,843408,24322,112821,13.38
07-Jul-2017,1561.85,1560.00,1582.70,1536.05,1563.50,1564.35,1559.47,751659,23878,60789,8.09
10-Jul-2017,1564.35,1570.00,1589.70,1550.15,1571.10,1572.35,1576.57,114542,3874,17771,15.51
11-Jul-2017,1572.35,1577.10,1587.20,1548.00,1551.00,1554.05,1569.43,505785,17181,90391,17.87
12-Jul-2017,1554.05,1555.00,1567.00,1538.90,1543.50,1547.40,1550.09,353180,11230,112329,31.81
13-Jul-2017,1547.40,1556.00,1572.45,1545.05,1566.00,1563.55,1563.30,431953,10536,172702,39.98
14-Jul-2017,1563.55,1569.85,1569.85,1529.15,1534.00,1535.55,1541.14,337611,14124,125618,37.21
17-Jul-2017,1535.55,1541.05,1564.20,1514.05,1537.00,1538.55,1544.05,400907,11566,88699,22.12
18-Jul-2017,1538.55,1537.00,1549.90,1515.55,1520.40,1521.80,1533.59,403144,11782,131581,32.64
19-Jul-2017,1521.80,1531.20,1552.10,1525.00,1540.00,1540.80,1536.34,496729,12846,192043,38.66
20-Jul-2017,1540.80,1554.70,1555.30,1528.10,1534.90,1534.95,1538.22,462685,13505,188760,40.80
21-Jul-2017,1534.95,1535.00,1617.60,1521.00,1608.40,1588.60,1574.23,961881,24109,189790,19.73
24-Jul-2017,1588.60,1610.00,1666.90,1572.15,1647.15,1649.95,1634.53,2063240,60834,322390,15.63
25-Jul-2017,1649.95,1652.00,1677.35,1640.05,1648.95,1648.95,1658.31,1008345,23602,176277,17.48
26-Jul-2017,1648.95,1649.95,1679.80,1641.15,1657.00,1658.60,1663.41,699009,19910,85742,12.27
27-Jul-2017,1658.60,1663.00,1685.00,1641.55,1656.85,1658.35,1666.69,659241,16101,145127,22.01
28-Jul-2017,1658.35,1656.00,1679.95,1650.30,1675.05,1673.80,1667.72,478599,12662,55912,11.68
31-Jul-2017,1673.80,1673.00,1730.00,1665.55,1730.00,1726.15,1707.91,1128428,28246,151902,13.46
01-Aug-2017,1726.15,1738.00,1746.90,1709.00,1716.80,1717.00,1728.38,596675,14671,89776,15.05
02-Aug-2017,1717.00,1717.50,1726.00,1697.60,1701.90,1706.50,1707.70,348072,9190,51704,14.85
03-Aug-2017,1706.50,1706.50,1706.60,1675.00,1686.20,1687.80,1690.42,330660,9758,55595,16.81
04-Aug-2017,1687.80,1670.05,1738.40,1670.05,1734.00,1727.65,1709.39,553746,16233,54931,9.92
07-Aug-2017,1727.65,1740.10,1747.90,1712.35,1720.00,1718.05,1727.50,289668,8750,44716,15.44
08-Aug-2017,1718.05,1722.00,1722.00,1676.05,1690.00,1697.75,1702.85,436176,13692,42055,9.64
09-Aug-2017,1697.75,1690.40,1699.40,1587.30,1594.60,1624.70,1668.72,496040,15649,54242,10.94
10-Aug-2017,1624.70,1594.60,1609.85,1422.45,1529.95,1492.00,1545.34,1073437,27089,272138,25.35
11-Aug-2017,1492.00,1469.00,1604.40,1440.00,1572.00,1556.20,1530.32,1545555,40887,159520,10.32
14-Aug-2017,1556.20,1551.00,1767.70,1551.00,1745.00,1749.70,1688.16,2819827,78271,296494,10.51
16-Aug-2017,1749.70,1750.00,1758.90,1691.20,1718.00,1717.20,1716.42,1259180,39445,195277,15.51
17-Aug-2017,1717.20,1718.00,1892.80,1712.00,1861.85,1858.85,1851.83,4247391,110640,202353,4.76
18-Aug-2017,1858.85,1839.75,1919.00,1828.55,1885.55,1884.65,1884.22,3505128,95206,141658,4.04
21-Aug-2017,1884.65,1897.00,1909.85,1797.15,1845.10,1832.75,1858.26,1761729,48168,99639,5.66
22-Aug-2017,1832.75,1850.00,1890.00,1765.05,1795.00,1789.45,1815.43,1952851,55054,158653,8.12
23-Aug-2017,1789.45,1814.70,1841.95,1777.45,1802.95,1804.05,1803.74,1420688,41494,112022,7.89
24-Aug-2017,1804.05,1813.10,1821.30,1774.75,1783.00,1791.00,1797.40,731032,21774,67941,9.29
28-Aug-2017,1791.00,1792.10,1805.00,1774.50,1782.00,1785.20,1790.03,512697,15541,90261,17.61
29-Aug-2017,1785.20,1779.80,1779.80,1710.10,1719.95,1726.15,1740.42,774163,21771,92254,11.92
30-Aug-2017,1726.15,1731.00,1799.00,1727.15,1738.00,1735.75,1765.81,1325072,35708,139642,10.54
31-Aug-2017,1735.75,1749.00,1778.00,1740.20,1772.00,1763.35,1758.85,1100601,25636,338634,30.77
01-Sep-2017,1763.35,1785.00,1863.00,1785.00,1849.95,1846.30,1839.77,1939823,52013,290354,14.97
04-Sep-2017,1846.30,1857.00,1885.00,1826.00,1849.00,1855.60,1855.05,1284385,34436,131455,10.23
05-Sep-2017,1855.60,1860.00,1874.00,1837.80,1840.00,1851.00,1857.35,596352,16910,87452,14.66
06-Sep-2017,1851.00,1840.00,1848.90,1819.85,1840.00,1836.15,1836.88,643096,21212,177628,27.62
07-Sep-2017,1836.15,1849.00,1912.10,1848.00,1874.00,1882.95,1888.36,1662778,44744,315637,18.98
08-Sep-2017,1882.95,1889.90,1889.90,1845.00,1849.00,1855.95,1861.20,554977,16846,69878,12.59
11-Sep-2017,1855.95,1870.00,1884.90,1860.50,1861.10,1867.55,1870.75,435648,14132,85086,19.53
12-Sep-2017,1867.55,1877.00,1900.65,1845.60,1884.95,1884.85,1881.28,703696,21840,125000,17.76
13-Sep-2017,1884.85,1882.00,1885.00,1840.05,1846.85,1845.50,1862.83,464103,14986,75561,16.28
14-Sep-2017,1845.50,1852.00,1889.00,1850.15,1863.00,1866.85,1867.99,704152,21895,91704,13.02
15-Sep-2017,1866.85,1859.95,1859.95,1836.45,1846.20,1847.50,1848.42,347385,13242,52122,15.00
18-Sep-2017,1847.50,1854.00,1874.00,1849.20,1852.65,1852.60,1860.65,318718,11325,55277,17.34
19-Sep-2017,1852.60,1858.20,1947.00,1850.60,1931.95,1934.10,1914.82,2219143,71364,237295,10.69
20-Sep-2017,1934.10,1934.00,1934.00,1850.00,1855.00,1871.40,1896.73,795531,30938,143456,18.03
21-Sep-2017,1871.40,1862.00,1881.00,1803.50,1818.00,1826.40,1838.71,784078,24818,144138,18.38
22-Sep-2017,1826.40,1817.00,1817.00,1701.15,1709.00,1723.25,1770.52,903298,27056,238960,26.45
25-Sep-2017,1723.25,1719.80,1724.50,1650.00,1669.00,1673.95,1675.91,917748,26992,166597,18.15
26-Sep-2017,1673.95,1665.10,1719.90,1649.00,1689.00,1686.25,1698.58,770412,24365,116644,15.14
27-Sep-2017,1686.25,1702.70,1728.80,1631.20,1641.00,1643.55,1688.14,869499,25344,96235,11.07
28-Sep-2017,1643.55,1652.00,1687.25,1625.00,1641.00,1643.40,1655.38,1183933,32192,365205,30.85
29-Sep-2017,1643.40,1649.00,1653.60,1562.40,1584.90,1585.95,1598.01,1904376,60424,150669,7.91
03-Oct-2017,1585.95,1618.80,1626.10,1587.05,1607.00,1599.80,1605.64,602678,18659,60962,10.12
04-Oct-2017,1599.80,1608.00,1692.00,1591.30,1690.30,1668.70,1642.12,1447635,46503,149293,10.31
05-Oct-2017,1668.70,1695.00,1752.00,1682.00,1725.00,1729.20,1726.23,2280549,60731,261735,11.48
06-Oct-2017,1729.20,1721.00,1766.00,1711.55,1746.05,1739.90,1746.67,1598044,39762,189188,11.84
09-Oct-2017,1739.90,1746.00,1753.65,1696.00,1707.00,1704.60,1720.85,657159,17975,106151,16.15
10-Oct-2017,1704.60,1710.00,1743.00,1700.20,1735.00,1729.85,1727.74,527439,14420,57590,10.92
11-Oct-2017,1729.85,1743.00,1753.00,1677.50,1708.00,1699.10,1714.27,748560,22147,111691,14.92
12-Oct-2017,1699.10,1707.90,1728.00,1671.00,1726.00,1719.85,1706.58,935097,24498,79715,8.52
13-Oct-2017,1719.85,1734.00,1748.40,1707.00,1725.10,1721.30,1730.38,615193,13813,85897,13.96
16-Oct-2017,1721.30,1733.00,1740.00,1708.00,1737.50,1727.85,1724.23,383849,11731,71649,18.67
17-Oct-2017,1727.85,1745.00,1823.35,1741.00,1773.05,1778.95,1793.52,2479825,63069,272694,11.00
18-Oct-2017,1778.95,1747.30,1770.00,1722.00,1725.90,1731.75,1745.42,696502,23153,124250,17.84
19-Oct-2017,1731.75,1725.00,1725.00,1651.35,1695.00,1691.00,1695.78,312361,9426,74381,23.81
23-Oct-2017,1691.00,1701.10,1733.95,1690.20,1730.80,1723.60,1714.22,564744,17945,118480,20.98
24-Oct-2017,1723.60,1732.25,1769.00,1724.55,1738.40,1738.25,1745.05,607475,18902,64669,10.65
25-Oct-2017,1738.25,1747.00,1762.25,1701.30,1743.00,1746.25,1736.86,527942,16723,65651,12.44
26-Oct-2017,1746.25,1767.50,1800.00,1629.05,1700.95,1701.10,1730.35,1895440,51756,378177,19.95
27-Oct-2017,1701.10,1681.00,1732.00,1681.00,1700.55,1701.40,1709.69,670354,19890,118267,17.64
30-Oct-2017,1701.40,1716.00,1720.00,1697.50,1701.75,1702.50,1708.05,283320,9379,54183,19.12
31-Oct-2017,1702.50,1710.00,1754.40,1705.60,1714.00,1713.60,1729.02,784258,21614,107557,13.71
01-Nov-2017,1713.60,1725.00,1746.00,1714.05,1720.20,1720.40,1729.09,443945,13827,65298,14.71
02-Nov-2017,1720.40,1730.70,1740.45,1715.00,1723.50,1719.55,1724.53,309624,8349,41571,13.43
03-Nov-2017,1719.55,1729.50,1747.25,1715.40,1744.50,1740.60,1730.72,320166,10491,74828,23.37
06-Nov-2017,1740.60,1758.00,1815.00,1755.20,1776.00,1784.60,1795.37,981760,30162,178766,18.21
07-Nov-2017,1784.60,1790.00,1805.00,1735.20,1750.85,1744.80,1763.53,612470,16268,84366,13.77
08-Nov-2017,1744.80,1758.00,1760.00,1726.20,1738.40,1736.45,1745.25,299156,11300,36880,12.33
09-Nov-2017,1736.45,1749.70,1782.00,1716.05,1782.00,1766.65,1749.48,313130,11127,55199,17.63
10-Nov-2017,1766.65,1778.00,1778.00,1737.25,1753.00,1753.90,1754.86,404992,12929,50025,12.35
13-Nov-2017,1753.90,1757.00,1770.00,1678.55,1685.00,1685.95,1707.60,643232,24383,122838,19.10
14-Nov-2017,1685.95,1675.00,1704.25,1651.00,1665.20,1662.85,1667.92,717000,24287,106477,14.85
15-Nov-2017,1662.85,1669.00,1681.00,1640.50,1656.00,1653.60,1660.75,407569,15306,59034,14.48
16-Nov-2017,1653.60,1667.00,1674.85,1619.50,1631.95,1629.00,1646.07,358215,11961,72750,20.31
17-Nov-2017,1629.00,1644.00,1669.15,1621.70,1633.00,1627.45,1646.31,400248,13039,91194,22.78
20-Nov-2017,1627.45,1637.80,1648.45,1615.15,1623.90,1623.90,1627.62,313672,9133,92365,29.45
21-Nov-2017,1623.90,1630.00,1653.45,1625.00,1634.15,1634.10,1640.28,314378,11502,55936,17.79
22-Nov-2017,1634.10,1647.70,1647.70,1615.00,1626.05,1625.00,1627.55,219901,8062,38634,17.57
23-Nov-2017,1625.00,1627.00,1712.90,1625.00,1711.00,1701.20,1672.92,1169929,32811,182346,15.59
24-Nov-2017,1701.20,1709.00,1728.00,1667.70,1676.00,1678.85,1704.71,776918,23614,106317,13.68
27-Nov-2017,1678.85,1675.70,1702.00,1660.10,1688.00,1691.35,1687.25,314805,11057,31736,10.08
28-Nov-2017,1691.35,1691.35,1725.00,1686.85,1701.00,1698.05,1709.12,508315,15534,82481,16.23
29-Nov-2017,1698.05,1704.00,1714.00,1671.30,1675.90,1678.40,1689.64,312389,9353,69979,22.40
30-Nov-2017,1678.40,1675.90,1677.00,1642.55,1673.05,1669.70,1661.93,534599,13238,146560,27.41
01-Dec-2017,1669.70,1679.90,1695.00,1631.20,1640.00,1642.85,1670.09,376462,10418,65147,17.31
04-Dec-2017,1642.85,1645.00,1648.95,1598.95,1600.10,1606.60,1620.47,271404,10594,62183,22.91
05-Dec-2017,1606.60,1570.00,1599.00,1554.35,1563.25,1564.55,1569.68,574595,20433,113073,19.68
06-Dec-2017,1564.55,1561.95,1561.95,1506.00,1509.10,1512.00,1533.10,467071,16298,87399,18.71
07-Dec-2017,1512.00,1505.00,1581.95,1493.60,1580.45,1572.40,1536.84,849262,28989,99579,11.73
08-Dec-2017,1572.40,1590.00,1604.00,1585.00,1592.00,1591.25,1594.52,596871,15469,66092,11.07
11-Dec-2017,1591.25,1605.00,1613.00,1575.05,1588.00,1585.90,1592.08,357443,11884,40196,11.25
12-Dec-2017,1585.90,1591.00,1601.90,1551.20,1559.85,1560.70,1577.51,381259,17826,80754,21.18
13-Dec-2017,1560.70,1560.70,1568.00,1492.10,1499.00,1500.30,1528.76,499503,25962,132723,26.57
14-Dec-2017,1500.30,1509.00,1519.05,1462.05,1475.55,1476.35,1486.04,763667,24247,217225,28.44
15-Dec-2017,1476.35,1508.00,1514.00,1486.85,1506.00,1502.40,1500.93,516252,18031,101272,19.62
18-Dec-2017,1502.40,1500.00,1527.85,1434.50,1506.00,1505.05,1500.08,627301,17937,66264,10.56
19-Dec-2017,1505.05,1519.50,1593.15,1512.00,1587.00,1586.30,1561.24,1285251,36411,185725,14.45
20-Dec-2017,1586.30,1586.00,1597.95,1558.10,1568.00,1566.90,1576.62,517334,16700,90136,17.42
21-Dec-2017,1566.90,1578.00,1586.00,1559.75,1572.00,1572.20,1572.15,309728,10086,38867,12.55
22-Dec-2017,1572.20,1580.75,1626.00,1563.00,1607.00,1606.50,1606.74,1127838,30897,135751,12.04
26-Dec-2017,1606.50,1614.55,1625.00,1597.10,1603.50,1606.80,1611.62,315571,10519,48946,15.51
27-Dec-2017,1606.80,1603.50,1629.00,1572.00,1587.30,1589.75,1606.92,461287,14304,62757,13.60
28-Dec-2017,1589.75,1587.25,1605.00,1577.05,1594.00,1588.25,1591.33,394119,13998,47504,12.05
29-Dec-2017,1588.25,1599.00,1639.65,1592.45,1620.00,1618.25,1618.86,593194,16631,99119,16.71
01-Jan-2018,1618.25,1618.25,1623.10,1591.60,1602.75,1598.70,1608.03,193132,6944,31496,16.31
02-Jan-2018,1598.70,1607.70,1607.70,1562.00,1577.00,1575.00,1577.95,366384,11472,62530,17.07
03-Jan-2018,1575.00,1577.25,1603.15,1480.80,1525.00,1523.90,1529.98,1546419,42767,191763,12.40
04-Jan-2018,1523.90,1534.00,1549.00,1510.50,1535.00,1530.80,1533.22,658084,19697,102396,15.56
05-Jan-2018,1530.80,1540.00,1557.00,1523.50,1546.15,1550.00,1541.84,402933,12249,85714,21.27
08-Jan-2018,1550.00,1550.00,1584.70,1550.00,1566.00,1572.45,1569.64,517799,17006,82314,15.90
09-Jan-2018,1572.45,1570.00,1583.50,1552.00,1565.00,1567.05,1568.69,323097,11566,49354,15.28
10-Jan-2018,1567.05,1560.00,1579.40,1539.05,1548.05,1554.10,1559.70,265749,10004,49826,18.75
11-Jan-2018,1554.10,1550.00,1578.00,1550.00,1556.00,1556.85,1562.65,246664,8832,32481,13.17
12-Jan-2018,1556.85,1567.00,1575.00,1531.30,1547.50,1549.00,1554.48,307262,11125,44381,14.44
15-Jan-2018,1549.00,1565.00,1596.00,1556.25,1573.00,1575.50,1577.50,529388,16823,105855,20.00
16-Jan-2018,1575.50,1580.00,1582.95,1525.00,1529.90,1531.75,1546.40,350253,13420,81727,23.33
17-Jan-2018,1531.75,1544.00,1548.00,1503.00,1538.00,1539.10,1525.99,300968,11088,49130,16.32
18-Jan-2018,1539.10,1548.00,1549.70,1493.00,1504.00,1508.85,1521.44,276003,10378,65020,23.56
19-Jan-2018,1508.85,1510.00,1528.20,1493.05,1512.00,1513.60,1510.31,314228,11729,37687,11.99
22-Jan-2018,1513.60,1512.00,1523.20,1500.40,1514.95,1515.90,1513.93,216980,8396,25984,11.98
23-Jan-2018,1515.90,1524.90,1547.00,1512.05,1515.00,1518.75,1528.78,351678,13735,50222,14.28
24-Jan-2018,1518.75,1530.00,1530.00,1501.00,1502.05,1507.30,1512.29,218927,8056,37720,17.23
25-Jan-2018,1507.30,1502.05,1512.75,1473.00,1484.00,1480.55,1492.24,294417,11908,60605,20.58
29-Jan-2018,1480.55,1484.90,1493.00,1454.00,1455.20,1457.95,1472.60,236149,9827,45682,19.34
30-Jan-2018,1457.95,1455.20,1490.50,1440.00,1475.45,1478.25,1470.73,390217,12993,48459,12.42
31-Jan-2018,1478.25,1474.90,1489.65,1448.40,1451.00,1454.60,1465.67,239302,8508,41078,17.17
01-Feb-2018,1454.60,1455.00,1495.00,1433.20,1459.05,1455.75,1465.41,458769,13896,129982,28.33
02-Feb-2018,1455.75,1444.00,1444.30,1251.05,1280.75,1283.05,1334.73,895176,32458,207132,23.14
05-Feb-2018,1283.05,1247.00,1284.85,1165.25,1269.00,1263.20,1247.05,484197,17992,68164,14.08
06-Feb-2018,1263.20,1161.00,1229.90,1146.00,1203.00,1203.60,1194.02,664526,21105,98260,14.79
07-Feb-2018,1203.60,1225.00,1264.90,1196.80,1213.00,1212.90,1240.39,664114,18767,61094,9.20
08-Feb-2018,1212.90,1222.00,1256.00,1221.95,1244.65,1246.00,1239.06,442709,12455,42799,9.67
09-Feb-2018,1246.00,1212.00,1268.10,1188.80,1251.10,1256.15,1241.73,362519,11872,38318,10.57
12-Feb-2018,1256.15,1264.60,1359.75,1256.15,1338.00,1347.85,1327.62,930863,27356,79599,8.55
14-Feb-2018,1347.85,1350.00,1383.00,1315.00,1323.90,1321.00,1356.30,665858,22000,111718,16.78
15-Feb-2018,1321.00,1347.00,1354.85,1296.00,1310.50,1303.75,1321.94,493441,16602,59082,11.97
16-Feb-2018,1303.75,1313.00,1331.05,1263.10,1268.35,1268.35,1285.91,496911,15416,63592,12.80
19-Feb-2018,1268.35,1265.00,1265.00,1218.00,1226.35,1227.05,1230.99,452850,13258,59254,13.08
20-Feb-2018,1227.05,1220.00,1231.90,1200.15,1222.50,1222.35,1217.69,534697,14494,76765,14.36
21-Feb-2018,1222.35,1238.00,1238.00,1194.00,1204.00,1204.60,1207.44,490979,14347,107201,21.83
22-Feb-2018,1204.60,1198.00,1221.30,1186.90,1190.00,1194.20,1198.79,775726,20706,279160,35.99
23-Feb-2018,1194.20,1203.10,1239.00,1195.00,1228.30,1232.50,1224.08,673547,16249,76352,11.34
26-Feb-2018,1232.50,1241.75,1267.00,1234.00,1252.00,1251.45,1253.98,457901,13117,54582,11.92
27-Feb-2018,1251.45,1257.00,1258.90,1226.05,1233.05,1232.30,1240.56,240840,7388,36120,15.00
28-Feb-2018,1232.30,1222.00,1247.40,1208.00,1240.80,1235.10,1229.88,311034,10141,34112,10.97
01-Mar-2018,1235.10,1240.00,1258.00,1226.95,1235.00,1233.55,1245.39,405488,10376,48312,11.91
05-Mar-2018,1233.55,1232.00,1418.55,1204.30,1330.00,1360.30,1334.80,1854923,48839,159368,8.59
06-Mar-2018,1360.30,1325.00,1325.00,1240.00,1245.00,1259.25,1294.36,2040021,51818,258702,12.68
07-Mar-2018,1259.25,1250.00,1263.90,1180.00,1194.05,1195.75,1225.91,1210795,32582,124875,10.31
08-Mar-2018,1195.75,1202.00,1219.80,1111.15,1139.00,1137.30,1159.82,1781957,48881,181602,10.19
09-Mar-2018,1137.30,1149.95,1149.95,1086.10,1113.75,1110.55,1104.10,2250879,57525,123979,5.51
12-Mar-2018,1110.55,1120.00,1131.95,1090.10,1123.30,1122.55,1111.25,1429416,36424,86976,6.08
13-Mar-2018,1122.55,1122.55,1136.15,1101.00,1103.05,1106.60,1116.00,878793,27165,103241,11.75
14-Mar-2018,1106.60,1093.00,1118.65,1084.95,1101.00,1103.70,1103.16,848789,23180,89813,10.58
15-Mar-2018,1103.70,1110.00,1140.10,1091.20,1095.00,1100.30,1118.55,1078081,29773,164364,15.25
16-Mar-2018,1100.30,1104.00,1115.15,1061.00,1069.00,1071.45,1091.04,865157,25671,177176,20.48
19-Mar-2018,1071.45,1068.40,1077.70,1012.10,1016.00,1029.30,1044.89,892905,25524,110466,12.37
20-Mar-2018,1029.30,1007.00,1073.75,995.60,1069.90,1049.25,1024.96,1356113,39619,160631,11.84
21-Mar-2018,1049.25,1077.00,1114.80,1067.20,1097.40,1100.15,1094.28,2552607,65064,233542,9.15
22-Mar-2018,1100.15,1096.00,1105.00,1072.45,1076.00,1079.60,1084.95,829782,21653,60564,7.30
23-Mar-2018,1079.60,1045.00,1061.70,1030.70,1044.00,1052.55,1047.05,927008,23973,70286,7.58
26-Mar-2018,1052.55,1052.55,1064.20,1035.05,1052.80,1056.35,1051.27,545538,14508,78487,14.39
27-Mar-2018,1056.35,1069.00,1086.20,1060.00,1060.05,1063.80,1070.45,487033,13462,64235,13.19
28-Mar-2018,1063.80,1042.00,1057.70,1036.75,1043.55,1044.10,1047.62,544342,17322,57412,10.55
02-Apr-2018,1044.10,1052.80,1092.00,1048.25,1088.00,1083.15,1069.04,502359,14043,64400,12.82
03-Apr-2018,1083.15,1075.00,1122.00,1071.60,1114.20,1115.05,1103.94,1043028,27858,93074,8.92
04-Apr-2018,1115.05,1128.00,1141.00,1078.15,1080.90,1082.90,1114.37,896102,24392,98115,10.95
05-Apr-2018,1082.90,1100.35,1125.00,1100.35,1120.75,1116.85,1112.74,470283,12329,67520,14.36
06-Apr-2018,1116.85,1116.95,1138.80,1116.80,1127.00,1132.80,1127.03,556889,13472,64706,11.62
09-Apr-2018,1132.80,1130.00,1162.00,1122.50,1142.20,1146.40,1146.41,698664,18320,70623,10.11
10-Apr-2018,1146.40,1156.75,1163.85,1142.20,1150.80,1149.25,1153.27,451708,11957,32112,7.11
11-Apr-2018,1149.25,1159.00,1172.00,1150.00,1150.00,1153.35,1157.54,431221,10747,39814,9.23
12-Apr-2018,1153.35,1150.00,1160.00,1129.85,1138.10,1136.05,1142.23,310271,9739,36502,11.76
13-Apr-2018,1136.05,1146.00,1151.95,1130.00,1138.95,1136.15,1140.09,288523,9076,35503,12.31
16-Apr-2018,1136.15,1130.00,1145.00,1118.35,1142.20,1140.15,1135.31,270903,8636,27190,10.04
17-Apr-2018,1140.15,1148.00,1149.35,1125.00,1128.50,1130.80,1134.78,218120,6909,29749,13.64
18-Apr-2018,1130.80,1132.95,1137.40,1112.00,1115.10,1120.00,1121.49,267775,7606,41360,15.45
19-Apr-2018,1120.00,1123.70,1123.70,1101.10,1114.45,1115.55,1111.09,219785,6708,22480,10.23
20-Apr-2018,1115.55,1110.25,1114.45,1085.60,1087.00,1091.95,1098.16,198882,6646,35010,17.60
23-Apr-2018,1091.95,1090.10,1092.00,1061.45,1065.00,1067.70,1072.65,304820,8761,81417,26.71
24-Apr-2018,1067.70,1067.00,1077.95,1051.90,1060.70,1064.80,1065.29,416295,9751,113670,27.31
25-Apr-2018,1064.80,1067.00,1067.00,1044.00,1047.60,1048.65,1049.67,285527,8397,93013,32.58
26-Apr-2018,1048.65,1042.00,1045.00,1018.00,1040.40,1041.35,1030.47,405567,12018,84191,20.76
27-Apr-2018,1041.35,1040.10,1076.50,1040.10,1062.00,1060.60,1058.82,540505,16920,137651,25.47
30-Apr-2018,1060.60,1070.15,1074.95,1056.10,1066.00,1066.25,1064.05,178542,6808,26621,14.91
02-May-2018,1066.25,1066.10,1086.75,1028.80,1043.85,1041.65,1058.36,322104,11025,66125,20.53
03-May-2018,1041.65,1035.75,1036.00,1001.20,1003.00,1006.55,1015.90,324825,9771,82349,25.35
04-May-2018,1006.55,993.00,1050.00,971.65,1028.05,1026.60,1015.45,1377993,36549,98241,7.13
07-May-2018,1026.60,1035.15,1076.00,1025.00,1066.00,1066.35,1058.14,1163147,23799,356903,30.68
08-May-2018,1066.35,1074.35,1141.00,1073.30,1118.50,1116.95,1119.48,1829215,50752,201432,11.01
09-May-2018,1116.95,1125.00,1135.00,1086.80,1089.25,1092.75,1109.35,650116,20892,111404,17.14
10-May-2018,1092.75,1082.00,1094.90,1039.00,1039.90,1043.90,1065.77,548087,15178,85839,15.66
11-May-2018,1043.90,1045.90,1093.50,1026.90,1081.05,1085.10,1064.30,777838,22650,91072,11.71
14-May-2018,1085.10,1090.50,1090.50,1043.05,1049.85,1054.15,1063.09,514697,14771,53886,10.47
15-May-2018,1054.15,1078.95,1198.40,1050.00,1064.00,1067.15,1115.72,6985810,184573,312939,4.48
16-May-2018,1067.15,1042.50,1125.00,1037.45,1105.00,1098.30,1096.12,4832763,111639,160366,3.32
17-May-2018,1098.30,1140.00,1140.00,1090.70,1100.50,1099.40,1109.62,2093061,56604,168552,8.05
18-May-2018,1099.40,1093.25,1099.00,1011.00,1035.00,1027.35,1054.85,1721488,44018,215442,12.51
21-May-2018,1027.35,1022.00,1024.90,940.05,944.30,951.80,970.79,2542399,63624,254499,10.01
22-May-2018,951.80,944.30,959.00,911.00,946.00,942.90,929.76,2981308,78301,124642,4.18
23-May-2018,942.90,948.00,969.80,920.00,923.00,931.75,948.77,1393938,42131,139398,10.00
24-May-2018,931.75,927.00,948.00,923.00,930.00,932.65,934.69,1000037,29247,96520,9.65
25-May-2018,932.65,936.90,997.00,935.00,949.00,951.40,962.22,2431432,86037,329043,13.53
28-May-2018,951.40,951.00,965.70,925.20,945.65,944.40,949.43,1237845,55511,201892,16.31
29-May-2018,944.40,950.25,957.95,936.00,945.30,945.25,945.31,754782,30640,168462,22.32
30-May-2018,945.25,943.00,954.95,931.50,941.15,940.55,945.37,639536,26051,103849,16.24
31-May-2018,940.55,948.80,949.25,921.00,923.00,925.15,930.15,757635,28779,241188,31.83
01-Jun-2018,925.15,926.00,931.70,876.00,878.95,879.10,894.92,1576553,43790,230906,14.65
04-Jun-2018,879.10,878.00,881.90,859.10,869.00,870.60,869.49,1372123,33020,113830,8.30
05-Jun-2018,870.60,868.00,883.80,830.00,841.00,841.45,855.59,1594523,44547,142430,8.93
06-Jun-2018,841.45,835.05,892.00,826.35,863.00,859.05,854.58,2841022,74266,142342,5.01
07-Jun-2018,859.05,863.35,880.80,863.05,873.00,873.30,872.90,1020704,26406,87692,8.59
08-Jun-2018,873.30,868.00,914.85,863.35,900.00,904.70,894.98,2330198,56729,197799,8.49
11-Jun-2018,904.70,905.00,918.45,878.00,879.10,882.00,900.93,1351028,42769,197744,14.64
12-Jun-2018,882.00,879.00,892.65,858.00,882.05,885.45,874.28,2116776,61709,156061,7.37
13-Jun-2018,885.45,885.00,902.85,874.40,881.00,880.20,889.32,1231807,32348,114878,9.33
14-Jun-2018,880.20,881.00,895.70,875.10,885.00,887.35,886.13,912237,24990,78490,8.60
15-Jun-2018,887.35,885.00,898.70,864.00,870.10,873.40,879.66,897626,24429,128358,14.30
18-Jun-2018,873.40,871.70,881.95,865.00,871.50,872.70,873.45,567724,14233,56187,9.90
19-Jun-2018,872.70,866.80,873.10,856.00,864.00,864.05,865.14,533749,14484,63378,11.87
20-Jun-2018,864.05,865.00,879.70,856.10,873.00,874.30,868.64,505663,13828,75173,14.87
21-Jun-2018,874.30,878.40,879.95,853.35,855.00,857.50,863.69,513377,15842,71384,13.90
22-Jun-2018,857.50,851.60,859.00,841.20,852.40,854.00,850.19,613992,18948,61774,10.06
25-Jun-2018,854.00,855.00,886.20,848.25,867.90,870.90,873.22,1197487,36050,118992,9.94
26-Jun-2018,870.90,870.00,885.00,863.00,865.00,868.05,874.89,935866,25538,68739,7.34
27-Jun-2018,868.05,868.30,874.60,833.30,835.05,840.30,851.08,609705,17133,97337,15.96
28-Jun-2018,840.30,835.05,839.50,793.75,798.65,798.60,814.97,1217274,33859,252632,20.75
29-Jun-2018,798.60,800.00,816.90,775.00,812.00,809.30,798.91,2088367,50872,252083,12.07
02-Jul-2018,809.30,817.40,825.00,796.10,810.00,814.65,810.22,949651,26760,61768,6.50
03-Jul-2018,814.65,814.55,824.50,802.35,819.00,819.15,813.26,853969,20144,46477,5.44
04-Jul-2018,819.15,818.00,833.90,810.00,823.30,825.90,823.35,764319,21592,68064,8.91
05-Jul-2018,825.90,826.00,832.00,807.50,812.65,814.10,819.04,535315,15591,38549,7.20
06-Jul-2018,814.10,812.05,852.10,808.05,835.70,837.05,835.84,1172500,30765,129107,11.01
09-Jul-2018,837.05,842.00,847.00,830.15,835.00,833.60,839.67,620404,16019,41113,6.63
10-Jul-2018,833.60,837.10,851.75,836.50,845.80,843.65,844.84,559848,14498,64788,11.57
11-Jul-2018,843.65,843.85,864.00,835.25,838.60,841.25,849.24,931429,25509,92085,9.89
12-Jul-2018,841.25,847.00,852.55,815.25,816.80,819.15,832.48,712793,18580,114202,16.02
13-Jul-2018,819.15,818.40,819.75,795.55,796.00,802.25,806.67,731356,16974,83861,11.47
16-Jul-2018,802.25,800.00,800.00,761.15,771.00,771.60,778.59,755802,20181,84210,11.14
17-Jul-2018,771.60,789.90,802.95,780.20,790.90,790.85,792.34,1213969,29106,181870,14.98
18-Jul-2018,790.85,794.05,799.80,761.30,774.15,777.25,777.09,664628,17542,77460,11.65
19-Jul-2018,777.25,779.00,785.45,752.70,762.00,767.00,766.84,630410,17837,40122,6.36
20-Jul-2018,767.00,761.10,773.00,750.35,753.95,756.00,759.49,581386,15002,61286,10.54
23-Jul-2018,756.00,761.45,762.80,737.30,757.90,755.65,749.47,691345,18516,68556,9.92
24-Jul-2018,755.65,763.90,792.50,756.30,780.00,779.60,777.63,895401,21799,120627,13.47
25-Jul-2018,779.60,786.90,793.50,763.30,768.45,768.40,779.10,640936,15493,70984,11.08
26-Jul-2018,768.40,769.90,799.00,765.15,797.00,792.85,784.91,872363,21620,124493,14.27
27-Jul-2018,792.85,797.00,825.00,792.00,824.00,820.60,814.88,1216061,25062,211413,17.39
30-Jul-2018,820.60,826.95,905.40,826.00,900.65,897.10,880.05,4816769,118257,268470,5.57
31-Jul-2018,897.10,904.00,908.95,876.35,902.05,897.85,891.43,1976278,43356,226733,11.47
01-Aug-2018,897.85,905.40,935.00,900.10,905.60,908.60,920.45,2565892,65657,198619,7.74
02-Aug-2018,908.60,905.60,923.05,887.00,911.45,910.25,909.47,1488751,32314,106874,7.18
03-Aug-2018,910.25,918.90,928.90,903.95,910.00,911.75,917.29,1182341,29234,133375,11.28
06-Aug-2018,911.75,911.75,921.95,903.20,906.00,909.10,912.99,706320,16436,59011,8.35
07-Aug-2018,909.10,911.00,914.95,863.60,867.00,868.60,882.07,1238842,28631,203332,16.41
08-Aug-2018,868.60,868.40,868.40,818.00,822.35,825.15,841.42,3293174,76111,218867,6.65
09-Aug-2018,825.15,815.00,834.00,800.30,812.45,810.15,811.65,2315243,59232,330419,14.27
10-Aug-2018,810.15,812.00,824.90,805.00,807.80,807.75,813.89,876201,19007,71756,8.19
13-Aug-2018,807.75,807.50,809.35,783.80,785.50,787.85,797.53,802510,18990,90512,11.28
14-Aug-2018,787.85,785.50,800.00,777.05,799.00,793.95,788.98,1008203,22444,106320,10.55
16-Aug-2018,793.95,790.00,810.00,786.00,796.00,796.10,799.98,853053,19597,103333,12.11
17-Aug-2018,796.10,804.40,818.00,797.80,804.60,807.45,810.61,1133745,22670,97256,8.58
20-Aug-2018,807.45,811.00,819.80,807.10,814.05,814.00,813.45,564256,12000,88868,15.75
21-Aug-2018,814.00,817.00,842.00,815.00,829.90,829.60,833.42,1525686,36552,164577,10.79
23-Aug-2018,829.60,831.00,837.10,813.05,823.50,824.25,823.29,722964,13529,60502,8.37
24-Aug-2018,824.25,822.00,832.80,805.60,808.75,813.25,818.57,644561,15537,93533,14.51
27-Aug-2018,813.25,815.25,835.00,812.60,834.00,831.70,827.23,914166,24864,170944,18.70
28-Aug-2018,831.70,835.00,837.75,816.00,819.15,819.50,825.27,486852,11971,51921,10.66
29-Aug-2018,819.50,817.00,833.70,814.00,820.55,822.45,826.52,574125,12417,78282,13.64
30-Aug-2018,822.45,822.35,825.00,811.00,825.00,818.95,816.55,468608,10603,66735,14.24
31-Aug-2018,818.95,824.50,854.00,821.60,840.00,840.40,842.00,1650124,39084,166518,10.09
03-Sep-2018,840.40,846.65,870.35,837.05,838.50,841.15,856.79,1211267,29054,160032,13.21
04-Sep-2018,841.15,840.00,845.00,787.80,791.00,794.70,808.24,1469389,36054,216537,14.74
05-Sep-2018,794.70,780.00,790.00,750.50,765.00,767.75,765.74,2572084,55524,206927,8.05
06-Sep-2018,767.75,769.00,789.00,763.00,771.75,772.55,774.83,1164025,27444,126492,10.87
07-Sep-2018,772.55,775.00,781.00,768.00,773.25,776.25,776.32,563392,14017,62851,11.16
10-Sep-2018,776.25,774.70,786.00,760.30,767.30,764.45,771.15,621154,14488,69778,11.23
11-Sep-2018,764.45,772.90,776.80,751.10,754.00,754.30,764.13,766815,20124,78059,10.18
12-Sep-2018,754.30,753.00,755.40,731.00,753.90,749.65,742.25,1007015,22533,76949,7.64
14-Sep-2018,749.65,760.00,771.00,753.25,765.00,763.30,762.71,534893,12941,59497,11.12
18-Sep-2018,770.85,771.00,782.70,743.50,748.00,747.35,764.21,812315,20337,121331,14.94
19-Sep-2018,747.35,748.80,752.40,731.20,739.00,737.90,739.12,684162,16040,68653,10.03
21-Sep-2018,737.90,747.00,748.00,692.10,710.20,713.30,720.71,934959,25887,134119,14.34
24-Sep-2018,713.30,713.95,713.95,668.00,671.00,677.30,689.09,812311,22536,147066,18.10
25-Sep-2018,677.30,671.00,678.90,628.90,645.80,646.45,656.25,1212267,29370,114758,9.47
26-Sep-2018,646.45,648.00,672.75,642.15,662.00,661.20,661.67,1052639,27199,77377,7.35
27-Sep-2018,661.20,671.90,671.90,621.90,628.00,626.20,641.90,837840,23334,100406,11.98
28-Sep-2018,626.20,632.70,636.10,600.80,607.50,609.50,618.47,1027276,26308,78861,7.68
01-Oct-2018,609.50,608.70,608.70,568.00,584.00,585.35,582.73,1441036,31601,156510,10.86
04-Oct-2018,609.75,593.90,623.00,589.10,613.20,615.40,611.74,1239323,28974,69364,5.60
05-Oct-2018,615.40,612.50,625.00,556.00,562.60,575.90,596.22,1153412,24154,189475,16.43
08-Oct-2018,575.90,564.85,574.95,548.00,555.30,560.65,563.25,1131691,25774,68536,6.06
09-Oct-2018,560.65,560.00,568.00,534.05,542.90,545.45,550.52,1010681,22712,63749,6.31
10-Oct-2018,545.45,549.70,590.65,544.70,587.00,584.35,573.31,1039625,27767,121316,11.67
11-Oct-2018,584.35,560.00,596.50,553.00,581.80,585.35,577.44,1204121,28383,62548,5.19
12-Oct-2018,585.35,589.40,607.50,588.55,592.50,594.80,598.05,1025434,29663,69860,6.81
15-Oct-2018,594.80,600.50,630.30,590.00,626.45,623.25,611.12,1151122,30242,105738,9.19
16-Oct-2018,623.25,626.10,634.00,622.00,628.45,629.40,628.20,648930,17513,80834,12.46
17-Oct-2018,629.40,633.00,639.20,580.55,583.70,588.55,609.38,1192210,26453,152609,12.80
